{"id": "88g8-5mnd", "name": "Employee Compensation", "attribution": "SF Controller's Office", "attributionLink": "http://openbook.sfgov.org", "averageRating": 0, "category": "City Management and Ethics", "createdAt": 1407268244, "description": "The San Francisco Controller's Office maintains a database of the salary and benefits paid to City employees since fiscal year 2013. This data is summarized and presented on the Employee Compensation report hosted at http://openbook.sfgov.org, and is also available in this dataset in CSV format. New data is added on a bi-annual basis when available for each fiscal and calendar year.", "displayType": "table", "downloadCount": 7707, "hideFromCatalog": false, "hideFromDataJson": false, "indexUpdatedAt": 1549667849, "licenseId": "PDDL", "newBackend": true, "numberOfComments": 0, "oid": 30244909, "provenance": "official", "publicationAppendEnabled": true, "publicationDate": 1549667248, "publicationGroup": 1673400, "publicationStage": "published", "rowsUpdatedAt": 1575285010, "rowsUpdatedBy": "dbag-6qd9", "tableId": 15723275, "totalTimesRated": 0, "viewCount": 14681, "viewLastModified": 1575284718, "viewType": "tabular", "approvals": [{"reviewedAt": 1549667264, "reviewedAutomatically": true, "state": "approved", "submissionId": 648190, "submissionObject": "public_audience_request", "submissionOutcome": "change_audience", "submittedAt": 1549667264, "workflowId": 2017, "submissionDetails": {"permissionType": "READ"}, "submissionOutcomeApplication": {"failureCount": 0, "status": "success"}, "submitter": {"id": "dbag-6qd9", "displayName": "OpenData"}}], "columns": [{"id": 385955089, "name": "Year Type", "dataTypeName": "text", "description": "Fiscal (July through June) or Calendar (January through December)", "fieldName": "year_type", "position": 1, "renderTypeName": "text", "tableColumnId": 22224545, "width": 102, "cachedContents": {"largest": "Fiscal", "non_null": "886102", "null": "0", "top": [{"item": "Calendar", "count": "508648"}, {"item": "Fiscal", "count": "377454"}], "smallest": "Calendar", "not_null": "886102", "cardinality": "2"}, "format": {"align": "left"}}, {"id": 385955090, "name": "Year", "dataTypeName": "text", "description": "An accounting period of 12 months. The City and County of San Francisco operates on a fiscal year that begins on July 1 and ends on June 30 the following year. The Fiscal Year ending June 30, 2012 is represented as FY2011-2012.", "fieldName": "year", "position": 2, "renderTypeName": "text", "tableColumnId": 21221527, "width": 102, "cachedContents": {"largest": "2028", "non_null": "886102", "null": "0", "top": [{"item": "2017", "count": "198519"}, {"item": "2018", "count": "166912"}, {"item": "2019", "count": "143027"}, {"item": "2016", "count": "88478"}, {"item": "2015", "count": "86067"}, {"item": "2014", "count": "82291"}, {"item": "2013", "count": "79380"}, {"item": "2020", "count": "41425"}, {"item": "2028", "count": "3"}], "smallest": "2013", "not_null": "886102", "cardinality": "9"}, "format": {"align": "left"}}, {"id": 385955091, "name": "Organization Group Code", "dataTypeName": "text", "description": "Org Group is a group of Departments. For example, the Public Protection Org Group includes departments such as the Police, Fire, Adult Probation, District Attorney, and Sheriff.", "fieldName": "organization_group_code", "position": 3, "renderTypeName": "text", "tableColumnId": 21221529, "width": 199, "cachedContents": {"largest": "07", "non_null": "886102", "null": "0", "top": [{"item": "02", "count": "219325"}, {"item": "07", "count": "194295"}, {"item": "04", "count": "150620"}, {"item": "01", "count": "133369"}, {"item": "06", "count": "63699"}, {"item": "05", "count": "62424"}, {"item": "03", "count": "62370"}], "smallest": "01", "not_null": "886102", "cardinality": "7"}, "format": {"align": "left"}}, {"id": 385955092, "name": "Organization Group", "dataTypeName": "text", "description": "Org Group is a group of Departments. For example, the Public Protection Org Group includes departments such as the Police, Fire, Adult Probation, District Attorney, and Sheriff.", "fieldName": "organization_group", "position": 4, "renderTypeName": "text", "tableColumnId": 21221530, "width": 174, "cachedContents": {"largest": "Public Works, Transportation & Commerce", "non_null": "886102", "null": "0", "top": [{"item": "Public Works, Transportation & Commerce", "count": "219325"}, {"item": "General City Responsibilities", "count": "194295"}, {"item": "Community Health", "count": "150620"}, {"item": "Public Protection", "count": "133369"}, {"item": "General Administration & Finance", "count": "63699"}, {"item": "Culture & Recreation", "count": "62424"}, {"item": "Human Welfare & Neighborhood Development", "count": "62370"}], "smallest": "Community Health", "not_null": "886102", "cardinality": "7"}, "format": {"align": "left"}}, {"id": 385955093, "name": "Department Code", "dataTypeName": "text", "description": "Departments are the primary organizational unit used by the City and County of San Francisco. Examples include Recreation and Parks, Public Works, and the Police Department.", "fieldName": "department_code", "position": 5, "renderTypeName": "text", "tableColumnId": 21221531, "width": 171, "cachedContents": {"largest": "WTR", "non_null": "857159", "null": "28943", "top": [{"item": "DPH", "count": "150620"}, {"item": "MTA", "count": "102335"}, {"item": "POL", "count": "55286"}, {"item": "REC", "count": "38766"}, {"item": "DSS", "count": "34435"}, {"item": "AIR", "count": "32417"}, {"item": "FIR", "count": "29892"}, {"item": "240658", "count": "29334"}, {"item": "__NOT_APPLICABLE__", "count": "28939"}, {"item": "DPW", "count": "27928"}, {"item": "PUC", "count": "25659"}, {"item": "HSA", "count": "20212"}, {"item": "102644", "count": "20097"}, {"item": "SHF", "count": "18263"}, {"item": "ADM", "count": "17891"}, {"item": "LIB", "count": "15839"}, {"item": "232108", "count": "10871"}, {"item": "229982", "count": "10099"}, {"item": "CRT", "count": "9007"}, {"item": "WTR", "count": "8422"}], "smallest": "102644", "not_null": "857159", "cardinality": "112"}, "format": {"align": "left"}}, {"id": 385955094, "name": "Department", "dataTypeName": "text", "description": "Departments are the primary organizational unit used by the City and County of San Francisco. Examples include Recreation and Parks, Public Works, and the Police Department.", "fieldName": "department", "position": 6, "renderTypeName": "text", "tableColumnId": 21221532, "width": 165, "cachedContents": {"largest": "WWE Wastewater Enterprise", "non_null": "423237", "null": "462865", "top": [{"item": "DPH Public Health", "count": "91972"}, {"item": "MTA Municipal Transprtn Agncy", "count": "62214"}, {"item": "HSA Human Services Agency", "count": "34435"}, {"item": "POL Police", "count": "33548"}, {"item": "REC Recreation & Park Commsn", "count": "23744"}, {"item": "AIR Airport Commission", "count": "19721"}, {"item": "FIR Fire Department", "count": "17680"}, {"item": "DPW GSA - Public Works", "count": "16410"}, {"item": "SHF Sheriff", "count": "11040"}, {"item": "ADM Gen Svcs Agency-City Admin", "count": "10733"}, {"item": "LIB Public Library", "count": "9632"}, {"item": "PUB Public Utilities Bureaus", "count": "9469"}, {"item": "WTR Water Enterprise", "count": "8422"}, {"item": "WWE Wastewater Enterprise", "count": "5927"}, {"item": "CRT Superior Court", "count": "5724"}, {"item": "HHP Hetch Hetchy Water & Power", "count": "4175"}, {"item": "CAT City Attorney", "count": "3372"}, {"item": "JUV Juvenile Probation", "count": "3302"}, {"item": "DBI Building Inspection", "count": "3241"}, {"item": "DAT District Attorney", "count": "3186"}], "smallest": "AAM Asian Art Museum", "not_null": "423237", "cardinality": "56"}, "format": {"align": "left"}}, {"id": 385955095, "name": "Union Code", "dataTypeName": "text", "description": "Unions represent employees in collective bargaining agreements. A job belongs to one union, although some jobs are unrepresented (usually temporarily).", "fieldName": "union_code", "position": 7, "renderTypeName": "text", "tableColumnId": 22179630, "width": 162, "cachedContents": {"largest": "S09", "non_null": "885588", "null": "514", "top": [{"item": "790", "count": "250652"}, {"item": "021", "count": "118652"}, {"item": "791", "count": "64495"}, {"item": "911", "count": "56474"}, {"item": "253", "count": "56309"}, {"item": "250", "count": "48185"}, {"item": "535", "count": "39489"}, {"item": "798", "count": "34874"}, {"item": "351", "count": "27339"}, {"item": "261", "count": "26360"}, {"item": "006", "count": "18574"}, {"item": "498", "count": "16492"}, {"item": "039", "count": "14156"}, {"item": "022", "count": "10837"}, {"item": "311", "count": "10136"}, {"item": "130", "count": "9552"}, {"item": "001", "count": "9066"}, {"item": "200", "count": "7442"}, {"item": "038", "count": "7102"}, {"item": "792", "count": "6266"}], "smallest": "001", "not_null": "885588", "cardinality": "71"}, "format": {"align": "left"}}, {"id": 385955096, "name": "Union", "dataTypeName": "text", "description": "Unions represent employees in collective bargaining agreements. A job belongs to one union, although some jobs are unrepresented (usually temporarily).", "fieldName": "union", "position": 8, "renderTypeName": "text", "tableColumnId": 22179631, "width": 261, "cachedContents": {"largest": "Utd Pub EmpL790 SEIU-Crt Clrks", "non_null": "885588", "null": "514", "top": [{"item": "SEIU, Local 1021, Misc", "count": "176621"}, {"item": "SEIU - Miscellaneous, Local 1021", "count": "119630"}, {"item": "Prof & Tech Eng, Local 21", "count": "70195"}, {"item": "Prof & Tech Engineers - Miscellaneous, Local 21", "count": "54387"}, {"item": "SEIU, Local 1021, RN", "count": "32579"}, {"item": "SEIU - Staff and Per Diem Nurses, Local 1021", "count": "31916"}, {"item": "TWU, Local 250-A, TransitOpr", "count": "30052"}, {"item": "POA", "count": "29068"}, {"item": "Police Officers' Association", "count": "27406"}, {"item": "Laborers, Local 261", "count": "26325"}, {"item": "Transport Workers - Transit Operators, Local 250-A", "count": "26257"}, {"item": "SEIU - Health Workers, Local 1021", "count": "23548"}, {"item": "Firefighters,Local 798, Unit 1", "count": "18591"}, {"item": "Electrical Workers, Local 6", "count": "18574"}, {"item": "SEIU - Human Services, Local 1021", "count": "18527"}, {"item": "Firefighters - Miscellaneous, Local 798", "count": "15800"}, {"item": "Municipal Exec Assoc, Misc", "count": "14745"}, {"item": "Stationary Engineers, Local 39", "count": "14156"}, {"item": "Municipal Executive Association - Miscellaneous", "count": "12573"}, {"item": "Miscellaneous Unrepresented Employees", "count": "8916"}], "smallest": "Auto Machinist, Local 1414", "not_null": "885588", "cardinality": "130"}, "format": {"align": "left"}}, {"id": 385955097, "name": "Job Family Code", "dataTypeName": "text", "description": "Job Family combines similar Jobs into meaningful groups.", "fieldName": "job_family_code", "position": 9, "renderTypeName": "text", "tableColumnId": 22179637, "width": 144, "cachedContents": {"largest": "__UNASSIGNED__", "non_null": "886102", "null": "0", "top": [{"item": "2300", "count": "87582"}, {"item": "9100", "count": "74170"}, {"item": "Q000", "count": "56147"}, {"item": "7300", "count": "52262"}, {"item": "2900", "count": "46282"}, {"item": "9900", "count": "38304"}, {"item": "1400", "count": "37941"}, {"item": "H000", "count": "36032"}, {"item": "2700", "count": "28272"}, {"item": "1800", "count": "28164"}, {"item": "0900", "count": "27222"}, {"item": "5200", "count": "26608"}, {"item": "8200", "count": "25703"}, {"item": "3200", "count": "25467"}, {"item": "8300", "count": "23865"}, {"item": "1000", "count": "22510"}, {"item": "8100", "count": "19893"}, {"item": "2500", "count": "18798"}, {"item": "1600", "count": "18508"}, {"item": "3600", "count": "16004"}], "smallest": "0000", "not_null": "886102", "cardinality": "59"}, "format": {"align": "left"}}, {"id": 385955098, "name": "Job Family", "dataTypeName": "text", "description": "Job Family combines similar Jobs into meaningful groups.", "fieldName": "job_family", "position": 10, "renderTypeName": "text", "tableColumnId": 21221539, "width": 174, "cachedContents": {"largest": "Untitled", "non_null": "886102", "null": "0", "top": [{"item": "Nursing", "count": "87582"}, {"item": "Street Transit", "count": "74170"}, {"item": "Police Services", "count": "56147"}, {"item": "Journeyman Trade", "count": "52262"}, {"item": "Human Services", "count": "46282"}, {"item": "Public Service Aide", "count": "38304"}, {"item": "Clerical, Secretarial & Steno", "count": "37941"}, {"item": "Fire Services", "count": "36032"}, {"item": "Housekeeping & Laundry", "count": "28272"}, {"item": "Budget, Admn & Stats Analysis", "count": "28164"}, {"item": "Management", "count": "27222"}, {"item": "Professional Engineering", "count": "26608"}, {"item": "Protection & Apprehension", "count": "25703"}, {"item": "Recreation", "count": "25467"}, {"item": "Correction & Detention", "count": "23865"}, {"item": "Information Systems", "count": "22510"}, {"item": "Legal & Court", "count": "19893"}, {"item": "Med Therapy & Auxiliary", "count": "18798"}, {"item": "Payroll, Billing & Accounting", "count": "18508"}, {"item": "Library", "count": "16004"}], "smallest": "Administrative-DPW/PUC", "not_null": "886102", "cardinality": "59"}, "format": {"align": "left"}}, {"id": 385955099, "name": "Job Code", "dataTypeName": "text", "description": "Jobs are defined by the Human Resources classification unit. Examples include gardeners, police officers, and accountants.", "fieldName": "job_code", "position": 11, "renderTypeName": "text", "tableColumnId": 22179700, "width": 102, "cachedContents": {"largest": "Q082", "non_null": "886102", "null": "0", "top": [{"item": "9163", "count": "56309"}, {"item": "P103", "count": "30213"}, {"item": "2320", "count": "27473"}, {"item": "H002", "count": "17885"}, {"item": "2708", "count": "17268"}, {"item": "9910", "count": "16950"}, {"item": "Q004", "count": "16429"}, {"item": "Q002", "count": "14573"}, {"item": "3279", "count": "14165"}, {"item": "9916", "count": "12276"}, {"item": "2303", "count": "11981"}, {"item": "2905", "count": "11216"}, {"item": "8304", "count": "11046"}, {"item": "Q003", "count": "9884"}, {"item": "Q052", "count": "8878"}, {"item": "8177", "count": "8360"}, {"item": "H003", "count": "7830"}, {"item": "7514", "count": "7804"}, {"item": "2736", "count": "7663"}, {"item": "1406", "count": "7622"}], "smallest": "0109", "not_null": "886102", "cardinality": "1189"}, "format": {"align": "left"}}, {"id": 385955100, "name": "Job", "dataTypeName": "text", "description": "Jobs are defined by the Human Resources classification unit. Examples include gardeners, police officers, and accountants.", "fieldName": "job", "position": 12, "renderTypeName": "text", "tableColumnId": 21221540, "width": 195, "cachedContents": {"largest": "Youth Comm Advisor", "non_null": "886099", "null": "3", "top": [{"item": "Transit Operator", "count": "56309"}, {"item": "Special Nurse", "count": "30213"}, {"item": "Registered Nurse", "count": "27473"}, {"item": "Firefighter", "count": "17885"}, {"item": "Custodian", "count": "17268"}, {"item": "Public Service Trainee", "count": "16950"}, {"item": "Police Officer 3", "count": "16429"}, {"item": "Police Officer", "count": "14573"}, {"item": "Recreation Leader", "count": "14165"}, {"item": "Public Svc Aide-Public Works", "count": "12276"}, {"item": "Patient Care Assistant", "count": "11981"}, {"item": "Deputy Sheriff", "count": "11046"}, {"item": "Police Officer 2", "count": "9884"}, {"item": "Sergeant 3", "count": "8878"}, {"item": "Attorney (Civil/Criminal)", "count": "8360"}, {"item": "EMT/Paramedic/Firefighter", "count": "7830"}, {"item": "General Laborer", "count": "7804"}, {"item": "Porter", "count": "7663"}, {"item": "Senior Clerk", "count": "7622"}, {"item": "Clerk", "count": "6835"}], "smallest": "Accountant I", "not_null": "886099", "cardinality": "1327"}, "format": {"align": "left"}}, {"id": 385955101, "name": "Employee Identifier", "dataTypeName": "text", "description": "Each distinct number in the \u201cEmployee Identifier\u201d column represents one employee. These identifying numbers are not meaningful but rather are randomly assigned for the purpose of building this dataset. The column does not appear on the Employee Compensation report hosted on openbook.sfgov.org, but that report does show one row for each employee. Employee ID has been included here to allow users to reconstruct the original report. Note that each employee\u2019s identifier will change each time this dataset is updated, so comparisons by employee across multiple versions of the dataset are not possible.", "fieldName": "employee_identifier", "position": 13, "renderTypeName": "text", "tableColumnId": 22179932, "width": 177, "cachedContents": {"largest": "9999", "non_null": "886102", "null": "0", "top": [{"item": "8526577", "count": "36"}, {"item": "8526576", "count": "32"}, {"item": "8503228", "count": "29"}, {"item": "8526569", "count": "29"}, {"item": "8555125", "count": "26"}, {"item": "8583436", "count": "26"}, {"item": "8508279", "count": "26"}, {"item": "8497507", "count": "26"}, {"item": "8547634", "count": "25"}, {"item": "8508281", "count": "25"}, {"item": "8501454", "count": "25"}, {"item": "8532273", "count": "25"}, {"item": "8503678", "count": "24"}, {"item": "8526572", "count": "24"}, {"item": "8517302", "count": "24"}, {"item": "21259", "count": "24"}, {"item": "46461", "count": "24"}, {"item": "22162", "count": "24"}, {"item": "8588977", "count": "24"}, {"item": "8577304", "count": "23"}], "smallest": "1", "not_null": "886102", "cardinality": "107035"}, "format": {"align": "left"}}, {"id": 385955102, "name": "Salaries", "dataTypeName": "number", "description": "Normal salaries paid to permanent or temporary City employees. ", "fieldName": "salaries", "position": 14, "renderTypeName": "number", "tableColumnId": 22224560, "width": 102, "cachedContents": {"largest": "651936.71", "non_null": "886102", "average": "53394.28689650520", "null": "0", "top": [{"item": "0", "count": "144677"}, {"item": "59300", "count": "1103"}, {"item": "63439.9", "count": "622"}, {"item": "80800", "count": "528"}, {"item": "230.3", "count": "527"}, {"item": "63447", "count": "451"}, {"item": "32242", "count": "424"}, {"item": "56531", "count": "388"}, {"item": "54703", "count": "339"}, {"item": "404.6", "count": "332"}, {"item": "89100", "count": "315"}, {"item": "117800", "count": "297"}, {"item": "55026", "count": "296"}, {"item": "283.03", "count": "291"}, {"item": "113827.04", "count": "287"}, {"item": "313.8", "count": "283"}, {"item": "129705.01", "count": "278"}, {"item": "60108.3", "count": "268"}, {"item": "67000", "count": "253"}, {"item": "58863.3", "count": "250"}], "smallest": "-68771.78", "not_null": "886102", "sum": "26118082406.86", "cardinality": "413509"}, "format": {"precisionStyle": "standard", "align": "right"}}, {"id": 385955103, "name": "Overtime", "dataTypeName": "number", "description": "Amounts paid to City employees working in excess of 40 hours per week. ", "fieldName": "overtime", "position": 15, "renderTypeName": "number", "tableColumnId": 22224561, "width": 102, "cachedContents": {"largest": "320866.64", "non_null": "886102", "average": "3776.497613762509", "null": "0", "top": [{"item": "0", "count": "550490"}, {"item": "2.49", "count": "124"}, {"item": "47.5", "count": "91"}, {"item": "0.02", "count": "80"}, {"item": "272.55", "count": "78"}, {"item": "0.01", "count": "68"}, {"item": "283.85", "count": "61"}, {"item": "41.33", "count": "53"}, {"item": "2.4", "count": "53"}, {"item": "12.94", "count": "51"}, {"item": "4.84", "count": "49"}, {"item": "370.01", "count": "45"}, {"item": "229.84", "count": "45"}, {"item": "3223.8", "count": "44"}, {"item": "0.9", "count": "42"}, {"item": "43.48", "count": "42"}, {"item": "681.23", "count": "42"}, {"item": "3.67", "count": "40"}, {"item": "497.66", "count": "39"}, {"item": "1067.4", "count": "39"}], "smallest": "-18458.15", "not_null": "886102", "sum": "1847292690.26", "cardinality": "218857"}, "format": {"precisionStyle": "standard", "align": "right"}}, {"id": 385955104, "name": "Other Salaries", "dataTypeName": "number", "description": "Various irregular payments made to City employees including premium pay, incentive pay, or other one-time payments. ", "fieldName": "other_salaries", "position": 16, "renderTypeName": "number", "tableColumnId": 22224562, "width": 136, "cachedContents": {"largest": "342802.63", "non_null": "886102", "average": "3122.621788737721", "null": "0", "top": [{"item": "0", "count": "387718"}, {"item": "624", "count": "4705"}, {"item": "250", "count": "4325"}, {"item": "600", "count": "3919"}, {"item": "1500", "count": "2893"}, {"item": "626.4", "count": "1746"}, {"item": "2.4", "count": "1674"}, {"item": "40", "count": "1267"}, {"item": "1000", "count": "1121"}, {"item": "11.54", "count": "1044"}, {"item": "200", "count": "1019"}, {"item": "264", "count": "1004"}, {"item": "336", "count": "980"}, {"item": "60", "count": "809"}, {"item": "750", "count": "790"}, {"item": "1040", "count": "725"}, {"item": "648", "count": "663"}, {"item": "1250", "count": "613"}, {"item": "120", "count": "594"}, {"item": "10", "count": "558"}], "smallest": "-19131.1", "not_null": "886102", "sum": "1527446061.07", "cardinality": "262236"}, "format": {"precisionStyle": "standard", "align": "right"}}, {"id": 385955105, "name": "Total Salary", "dataTypeName": "number", "description": "The sum of all salaries paid to City employees.", "fieldName": "total_salary", "position": 17, "renderTypeName": "number", "tableColumnId": 22224708, "width": 123, "cachedContents": {"largest": "658867.57", "non_null": "886102", "average": "60293.39392971553", "null": "0", "top": [{"item": "0", "count": "129021"}, {"item": "250", "count": "589"}, {"item": "11.54", "count": "417"}, {"item": "1196", "count": "183"}, {"item": "26.5", "count": "162"}, {"item": "114480", "count": "160"}, {"item": "150", "count": "152"}, {"item": "107000", "count": "145"}, {"item": "319.3", "count": "145"}, {"item": "232.7", "count": "136"}, {"item": "481", "count": "121"}, {"item": "1200", "count": "119"}, {"item": "253.8", "count": "118"}, {"item": "312.6", "count": "116"}, {"item": "230.3", "count": "115"}, {"item": "200", "count": "114"}, {"item": "17628", "count": "105"}, {"item": "415.5", "count": "104"}, {"item": "55369", "count": "104"}, {"item": "413.7", "count": "104"}], "smallest": "-68771.78", "not_null": "886102", "sum": "29492815107.69", "cardinality": "536766"}, "format": {"precisionStyle": "standard", "align": "right"}}, {"id": 385955106, "name": "Retirement", "dataTypeName": "number", "description": "City contributions to employee retirement plans. ", "fieldName": "retirement", "position": 18, "renderTypeName": "number", "tableColumnId": 22224671, "width": 113, "cachedContents": {"largest": "121952.52", "non_null": "886102", "average": "10592.48301129499", "null": "0", "top": [{"item": "0", "count": "272939"}, {"item": "23733.35", "count": "322"}, {"item": "11530.75", "count": "274"}, {"item": "11415.25", "count": "268"}, {"item": "11459.84", "count": "268"}, {"item": "12575", "count": "238"}, {"item": "23246.75", "count": "223"}, {"item": "13359.25", "count": "222"}, {"item": "37299.27", "count": "220"}, {"item": "22115", "count": "220"}, {"item": "24684.37", "count": "197"}, {"item": "21883.15", "count": "188"}, {"item": "20597.5", "count": "185"}, {"item": "19818", "count": "175"}, {"item": "11369.65", "count": "175"}, {"item": "21058.97", "count": "157"}, {"item": "28202", "count": "148"}, {"item": "29942.58", "count": "145"}, {"item": "11240.04", "count": "144"}, {"item": "23729.69", "count": "142"}], "smallest": "-30621.43", "not_null": "886102", "sum": "5181366027.39", "cardinality": "379166"}, "format": {"precisionStyle": "standard", "align": "right"}}, {"id": 385955107, "name": "Health and Dental", "dataTypeName": "number", "description": "City-paid premiums to health and dental insurance plans covering City employees. To protect confidentiality as legally required, pro-rated citywide averages are presented in lieu of employee-specific health and dental benefits. ", "fieldName": "health_and_dental", "position": 19, "renderTypeName": "number", "tableColumnId": 22224680, "width": 131, "cachedContents": {"largest": "36609.5", "non_null": "886102", "average": "8605.338281935174", "null": "0", "top": [{"item": "0", "count": "158397"}, {"item": "7566.94", "count": "14913"}, {"item": "12424.5", "count": "11315"}, {"item": "13054.94", "count": "11096"}, {"item": "13371.04", "count": "10962"}, {"item": "12918.24", "count": "10024"}, {"item": "12801.79", "count": "8672"}, {"item": "13765.55", "count": "8483"}, {"item": "12512.55", "count": "7919"}, {"item": "12500.56", "count": "7806"}, {"item": "13067.98", "count": "7498"}, {"item": "13037.66", "count": "5766"}, {"item": "13037.64", "count": "5760"}, {"item": "28509.72", "count": "5746"}, {"item": "29493.82", "count": "4984"}, {"item": "28509.7", "count": "4878"}, {"item": "6747.52", "count": "4367"}, {"item": "29493.8", "count": "4066"}, {"item": "13037.62", "count": "3484"}, {"item": "28509.74", "count": "3086"}], "smallest": "-2940.47", "not_null": "886102", "sum": "4209344247.30", "cardinality": "180786"}, "format": {"precisionStyle": "standard", "align": "right"}}, {"id": 385955108, "name": "Other Benefits", "dataTypeName": "number", "description": "Mandatory benefits paid on behalf of employees, such as Social Security (FICA and Medicare) contributions, unemployment insurance premiums, and minor discretionary benefits not included in the above categories. ", "fieldName": "other_benefits", "position": 20, "renderTypeName": "number", "tableColumnId": 22224706, "width": 132, "cachedContents": {"largest": "40437.83", "non_null": "886102", "average": "3962.276834909180", "null": "0", "top": [{"item": "0", "count": "159053"}, {"item": "0.01", "count": "225"}, {"item": "-0.01", "count": "144"}, {"item": "0.02", "count": "126"}, {"item": "0.06", "count": "92"}, {"item": "0.04", "count": "90"}, {"item": "-0.02", "count": "80"}, {"item": "0.03", "count": "73"}, {"item": "93.14", "count": "68"}, {"item": "5.83", "count": "66"}, {"item": "0.16", "count": "66"}, {"item": "0.07", "count": "66"}, {"item": "247.83", "count": "64"}, {"item": "170.98", "count": "63"}, {"item": "-0.03", "count": "61"}, {"item": "0.05", "count": "59"}, {"item": "176.1", "count": "58"}, {"item": "52.08", "count": "57"}, {"item": "92.83", "count": "55"}, {"item": "23.28", "count": "53"}], "smallest": "-10636.5", "not_null": "886102", "sum": "1938167525.18", "cardinality": "430876"}, "format": {"precisionStyle": "standard", "align": "right"}}, {"id": 385955109, "name": "Total Benefits", "dataTypeName": "number", "description": "The sum of all benefits paid to City employees.", "fieldName": "total_benefits", "position": 21, "renderTypeName": "number", "tableColumnId": 22224903, "width": 131, "cachedContents": {"largest": "162825.55", "non_null": "886102", "average": "23160.09812813934", "null": "0", "top": [{"item": "0", "count": "158313"}, {"item": "0.01", "count": "109"}, {"item": "0.04", "count": "73"}, {"item": "0.16", "count": "64"}, {"item": "0.06", "count": "64"}, {"item": "170.98", "count": "63"}, {"item": "216.7", "count": "60"}, {"item": "5.83", "count": "57"}, {"item": "176.1", "count": "57"}, {"item": "0.07", "count": "54"}, {"item": "0.02", "count": "54"}, {"item": "183.64", "count": "52"}, {"item": "739.17", "count": "47"}, {"item": "23.28", "count": "47"}, {"item": "12.86", "count": "46"}, {"item": "0.17", "count": "42"}, {"item": "1178.26", "count": "42"}, {"item": "239.39", "count": "40"}, {"item": "0.22", "count": "40"}, {"item": "18.74", "count": "40"}], "smallest": "-21295.15", "not_null": "886102", "sum": "11328877799.87", "cardinality": "579747"}, "format": {"precisionStyle": "standard", "align": "right"}}, {"id": 385955110, "name": "Total Compensation", "dataTypeName": "number", "description": "The sum of all salaries and benefits paid to City employees.", "fieldName": "total_compensation", "position": 22, "renderTypeName": "number", "tableColumnId": 22224904, "width": 161, "cachedContents": {"largest": "820491.87", "non_null": "886102", "average": "83453.49205785487", "null": "0", "top": [{"item": "0", "count": "127746"}, {"item": "11.54", "count": "417"}, {"item": "26.5", "count": "162"}, {"item": "319.3", "count": "141"}, {"item": "232.7", "count": "134"}, {"item": "481", "count": "120"}, {"item": "253.8", "count": "118"}, {"item": "312.6", "count": "116"}, {"item": "230.3", "count": "115"}, {"item": "413.7", "count": "103"}, {"item": "415.5", "count": "101"}, {"item": "269.3", "count": "101"}, {"item": "40", "count": "91"}, {"item": "213.9", "count": "86"}, {"item": "250", "count": "85"}, {"item": "346", "count": "84"}, {"item": "346.4", "count": "83"}, {"item": "765.9", "count": "83"}, {"item": "324.8", "count": "79"}, {"item": "228.7", "count": "78"}], "smallest": "-74082.61", "not_null": "886102", "sum": "40821692907.56", "cardinality": "622136"}, "format": {"precisionStyle": "standard", "align": "right"}}], "grants": [{"inherited": false, "type": "viewer", "flags": ["public"]}], "license": {"name": "Open Data Commons Public Domain Dedication and License", "termsLink": "http://opendatacommons.org/licenses/pddl/1.0/"}, "metadata": {"rdfSubject": "0", "jsonQuery": {"order": [{"columnFieldName": "year", "ascending": false}, {"columnFieldName": "year_type", "ascending": true}]}, "attachments": [{"filename": "N:\\EIS\\DataCoordination\\Metadata Spring Cleaning\\CON_DataDictionary_Employee-Compensation.pdf", "assetId": "OMBVvreoXRjXG6oP4Ts4497dNxt14XlBqB6uIL6cq-o", "blobId": "", "name": "CON_DataDictionary_Employee-Compensation.pdf"}, {"filename": "CON_DataDictionary_Employee-Compensation.xlsx", "assetId": "7d860a09-77be-4518-9fea-8a189cf12840", "blobId": "", "name": "CON_DataDictionary_Employee-Compensation.xlsx"}], "sidebar": {"width": 324}, "custom_fields": {"Department Metrics": {"Publishing Department": "Controller"}, "Detailed Descriptive": {"Geographic unit": "Not applicable"}, "Publishing Details": {"Data change frequency": "Bi-annually", "Publishing frequency": "Weekly"}}, "rowLabel": "Employee", "availableDisplayTypes": ["table", "fatrow", "page"], "inDatasetSearch": true, "renderTypeConfig": {"visible": {"table": true}}}, "owner": {"id": "dbag-6qd9", "displayName": "OpenData", "screenName": "OpenData", "type": "interactive", "userSegment": "site_member", "flags": ["acceptedEula"]}, "query": {"orderBys": [{"ascending": false, "expression": {"columnId": 385955090, "type": "column"}}, {"ascending": true, "expression": {"columnId": 385955089, "type": "column"}}]}, "rights": ["read"], "tableAuthor": {"id": "dbag-6qd9", "displayName": "OpenData", "screenName": "OpenData", "type": "interactive", "userSegment": "site_member", "flags": ["acceptedEula"]}, "tags": ["spending", "fte", "staffing", "sfopenbook", "open book", "openbook", "employee", "compensation", "salary", "salaries", "benefits"], "flags": ["default", "restorable", "restorePossibleForType"]}